[
{
  "model": "voting_app.meetingprotocol",
  "pk": 1,
  "fields": {
    "number": 1,
    "title": "Протокол голосования с применением технических средств",
    "start_event": "2024-03-05T06:18:18Z",
    "close_event": "2024-03-12T06:15:05Z",
    "agenda": "1. Утверждение отчета председателя\r\n2. Утверждение обоснования сметы\r\n3. Выборы нового председателя СНТ",
    "status": "open"
  }
},
{
  "model": "voting_app.meetingprotocol",
  "pk": 2,
  "fields": {
    "number": 2,
    "title": "Протокол голосования с применением технических средств",
    "start_event": "2024-03-05T07:12:03Z",
    "close_event": "2024-03-12T07:11:14Z",
    "agenda": "А ещё стремящиеся вытеснить традиционное производство, нанотехнологии описаны максимально подробно.",
    "status": "open"
  }
},
{
  "model": "voting_app.meetingprotocol",
  "pk": 3,
  "fields": {
    "number": 3,
    "title": "Протокол голосования с применением технических средств",
    "start_event": "2024-03-05T07:17:08Z",
    "close_event": "2024-03-12T07:17:05Z",
    "agenda": "А ещё стремящиеся вытеснить традиционное производство, нанотехнологии описаны максимально подробно.",
    "status": "open"
  }
},
{
  "model": "voting_app.meetingprotocol",
  "pk": 4,
  "fields": {
    "number": 4,
    "title": "Протокол голосования с применением технических средств",
    "start_event": "2024-03-05T07:21:30Z",
    "close_event": "2024-03-12T07:20:56Z",
    "agenda": "А ещё стремящиеся вытеснить традиционное производство, нанотехнологии описаны максимально подробно.",
    "status": "open"
  }
},
{
  "model": "voting_app.meetingprotocol",
  "pk": 5,
  "fields": {
    "number": 5,
    "title": "Протокол голосования с применением технических средств",
    "start_event": "2024-03-06T18:23:54Z",
    "close_event": "2024-03-13T18:22:39Z",
    "agenda": "1. В каком виде делать результат голосования на ответ",
    "status": "open"
  }
},
{
  "model": "voting_app.issue",
  "pk": 1,
  "fields": {
    "protocol": 1,
    "title": "Утверждение отчета",
    "description": "А ещё стремящиеся вытеснить традиционное производство, нанотехнологии описаны максимально подробно.",
    "answers": [
      1,
      2
    ]
  }
},
{
  "model": "voting_app.issue",
  "pk": 2,
  "fields": {
    "protocol": 1,
    "title": "Утверждение сметы",
    "description": "А ещё стремящиеся вытеснить традиционное производство, нанотехнологии описаны максимально подробно.",
    "answers": [
      1,
      2
    ]
  }
},
{
  "model": "voting_app.issue",
  "pk": 3,
  "fields": {
    "protocol": 1,
    "title": "Выборы председателя",
    "description": "А ещё стремящиеся вытеснить традиционное производство, нанотехнологии описаны максимально подробно.",
    "answers": [
      3,
      4
    ]
  }
},
{
  "model": "voting_app.issue",
  "pk": 4,
  "fields": {
    "protocol": 2,
    "title": "Передача электросетей в ЛенЭнерго",
    "description": "А ещё стремящиеся вытеснить традиционное производство, нанотехнологии описаны максимально подробно.",
    "answers": [
      1,
      2
    ]
  }
},
{
  "model": "voting_app.issue",
  "pk": 5,
  "fields": {
    "protocol": 2,
    "title": "Модернизация сетей подрядчиками",
    "description": "А ещё стремящиеся вытеснить традиционное производство, нанотехнологии описаны максимально подробно.",
    "answers": [
      1,
      2
    ]
  }
},
{
  "model": "voting_app.issue",
  "pk": 6,
  "fields": {
    "protocol": 3,
    "title": "Строительство бани",
    "description": "А ещё стремящиеся вытеснить традиционное производство, нанотехнологии описаны максимально подробно.",
    "answers": [
      1,
      2
    ]
  }
},
{
  "model": "voting_app.issue",
  "pk": 7,
  "fields": {
    "protocol": 4,
    "title": "Покрасить забор",
    "description": "А ещё стремящиеся вытеснить традиционное производство, нанотехнологии описаны максимально подробно.",
    "answers": [
      1,
      2
    ]
  }
},
{
  "model": "voting_app.issue",
  "pk": 8,
  "fields": {
    "protocol": 4,
    "title": "Построить туалет",
    "description": "А ещё стремящиеся вытеснить традиционное производство, нанотехнологии описаны максимально подробно.",
    "answers": [
      1,
      2
    ]
  }
},
{
  "model": "voting_app.issue",
  "pk": 9,
  "fields": {
    "protocol": 4,
    "title": "Провести аудит",
    "description": "А ещё стремящиеся вытеснить традиционное производство, нанотехнологии описаны максимально подробно.",
    "answers": [
      1,
      2
    ]
  }
},
{
  "model": "voting_app.issue",
  "pk": 10,
  "fields": {
    "protocol": 5,
    "title": "В каком виде делать результат голосования на ответ",
    "description": "Вот вам яркий пример современных тенденций — экономическая повестка сегодняшнего дня напрямую зависит от глубокомысленных рассуждений.",
    "answers": [
      5,
      6,
      7
    ]
  }
},
{
  "model": "voting_app.answer",
  "pk": 1,
  "fields": {
    "name": "Согласен"
  }
},
{
  "model": "voting_app.answer",
  "pk": 2,
  "fields": {
    "name": "Не согласен"
  }
},
{
  "model": "voting_app.answer",
  "pk": 3,
  "fields": {
    "name": "Новый кандидат"
  }
},
{
  "model": "voting_app.answer",
  "pk": 4,
  "fields": {
    "name": "Старый кандидат"
  }
},
{
  "model": "voting_app.answer",
  "pk": 5,
  "fields": {
    "name": "Списком"
  }
},
{
  "model": "voting_app.answer",
  "pk": 6,
  "fields": {
    "name": "Объектом"
  }
},
{
  "model": "voting_app.answer",
  "pk": 7,
  "fields": {
    "name": "Списком объектов"
  }
},
{
  "model": "voting_app.vote",
  "pk": 10,
  "fields": {
    "protocol": 1,
    "question": 1,
    "owner": 1,
    "value": 1,
    "create_at": "2024-03-05T10:20:28.937Z"
  }
},
{
  "model": "voting_app.vote",
  "pk": 11,
  "fields": {
    "protocol": 1,
    "question": 2,
    "owner": 1,
    "value": 2,
    "create_at": "2024-03-05T10:20:28.937Z"
  }
},
{
  "model": "voting_app.vote",
  "pk": 12,
  "fields": {
    "protocol": 1,
    "question": 3,
    "owner": 1,
    "value": 4,
    "create_at": "2024-03-05T10:20:28.937Z"
  }
},
{
  "model": "voting_app.vote",
  "pk": 13,
  "fields": {
    "protocol": 2,
    "question": 4,
    "owner": 1,
    "value": 2,
    "create_at": "2024-03-05T10:20:28.937Z"
  }
},
{
  "model": "voting_app.vote",
  "pk": 14,
  "fields": {
    "protocol": 2,
    "question": 5,
    "owner": 1,
    "value": 1,
    "create_at": "2024-03-05T10:20:28.937Z"
  }
},
{
  "model": "voting_app.vote",
  "pk": 15,
  "fields": {
    "protocol": 3,
    "question": 6,
    "owner": 1,
    "value": 2,
    "create_at": "2024-03-05T10:20:28.937Z"
  }
},
{
  "model": "voting_app.vote",
  "pk": 16,
  "fields": {
    "protocol": 4,
    "question": 7,
    "owner": 1,
    "value": 1,
    "create_at": "2024-03-05T10:20:28.937Z"
  }
},
{
  "model": "voting_app.vote",
  "pk": 17,
  "fields": {
    "protocol": 4,
    "question": 8,
    "owner": 1,
    "value": 1,
    "create_at": "2024-03-05T10:20:28.937Z"
  }
},
{
  "model": "voting_app.vote",
  "pk": 18,
  "fields": {
    "protocol": 4,
    "question": 9,
    "owner": 1,
    "value": 1,
    "create_at": "2024-03-05T10:20:28.937Z"
  }
},
{
  "model": "voting_app.vote",
  "pk": 19,
  "fields": {
    "protocol": 1,
    "question": 1,
    "owner": 2,
    "value": 2,
    "create_at": "2024-03-05T10:20:28.937Z"
  }
},
{
  "model": "voting_app.vote",
  "pk": 20,
  "fields": {
    "protocol": 1,
    "question": 2,
    "owner": 2,
    "value": 2,
    "create_at": "2024-03-05T10:20:28.937Z"
  }
},
{
  "model": "voting_app.vote",
  "pk": 21,
  "fields": {
    "protocol": 1,
    "question": 3,
    "owner": 2,
    "value": 3,
    "create_at": "2024-03-05T10:20:28.937Z"
  }
},
{
  "model": "voting_app.vote",
  "pk": 22,
  "fields": {
    "protocol": 2,
    "question": 4,
    "owner": 2,
    "value": 2,
    "create_at": "2024-03-05T10:20:28.938Z"
  }
},
{
  "model": "voting_app.vote",
  "pk": 23,
  "fields": {
    "protocol": 2,
    "question": 5,
    "owner": 2,
    "value": 2,
    "create_at": "2024-03-05T10:20:28.938Z"
  }
},
{
  "model": "voting_app.vote",
  "pk": 24,
  "fields": {
    "protocol": 3,
    "question": 6,
    "owner": 2,
    "value": 2,
    "create_at": "2024-03-05T10:20:28.938Z"
  }
},
{
  "model": "voting_app.vote",
  "pk": 25,
  "fields": {
    "protocol": 4,
    "question": 7,
    "owner": 2,
    "value": 2,
    "create_at": "2024-03-05T10:20:28.938Z"
  }
},
{
  "model": "voting_app.vote",
  "pk": 26,
  "fields": {
    "protocol": 4,
    "question": 8,
    "owner": 2,
    "value": 1,
    "create_at": "2024-03-05T10:20:28.938Z"
  }
},
{
  "model": "voting_app.vote",
  "pk": 27,
  "fields": {
    "protocol": 4,
    "question": 9,
    "owner": 2,
    "value": 1,
    "create_at": "2024-03-05T10:20:28.938Z"
  }
},
{
  "model": "voting_app.vote",
  "pk": 28,
  "fields": {
    "protocol": 1,
    "question": 1,
    "owner": 3,
    "value": 1,
    "create_at": "2024-03-05T10:20:28.938Z"
  }
},
{
  "model": "voting_app.vote",
  "pk": 29,
  "fields": {
    "protocol": 1,
    "question": 2,
    "owner": 3,
    "value": 1,
    "create_at": "2024-03-05T10:20:28.938Z"
  }
},
{
  "model": "voting_app.vote",
  "pk": 30,
  "fields": {
    "protocol": 1,
    "question": 3,
    "owner": 3,
    "value": 3,
    "create_at": "2024-03-05T10:20:28.938Z"
  }
},
{
  "model": "voting_app.vote",
  "pk": 31,
  "fields": {
    "protocol": 2,
    "question": 4,
    "owner": 3,
    "value": 1,
    "create_at": "2024-03-05T10:20:28.938Z"
  }
},
{
  "model": "voting_app.vote",
  "pk": 32,
  "fields": {
    "protocol": 2,
    "question": 5,
    "owner": 3,
    "value": 1,
    "create_at": "2024-03-05T10:20:28.938Z"
  }
},
{
  "model": "voting_app.vote",
  "pk": 33,
  "fields": {
    "protocol": 3,
    "question": 6,
    "owner": 3,
    "value": 1,
    "create_at": "2024-03-05T10:20:28.938Z"
  }
},
{
  "model": "voting_app.vote",
  "pk": 34,
  "fields": {
    "protocol": 4,
    "question": 7,
    "owner": 3,
    "value": 2,
    "create_at": "2024-03-05T10:20:28.938Z"
  }
},
{
  "model": "voting_app.vote",
  "pk": 35,
  "fields": {
    "protocol": 4,
    "question": 8,
    "owner": 3,
    "value": 2,
    "create_at": "2024-03-05T10:20:28.938Z"
  }
},
{
  "model": "voting_app.vote",
  "pk": 36,
  "fields": {
    "protocol": 4,
    "question": 9,
    "owner": 3,
    "value": 1,
    "create_at": "2024-03-05T10:20:28.938Z"
  }
},
{
  "model": "voting_app.vote",
  "pk": 37,
  "fields": {
    "protocol": 1,
    "question": 1,
    "owner": 4,
    "value": 1,
    "create_at": "2024-03-05T10:20:28.938Z"
  }
},
{
  "model": "voting_app.vote",
  "pk": 38,
  "fields": {
    "protocol": 1,
    "question": 2,
    "owner": 4,
    "value": 2,
    "create_at": "2024-03-05T10:20:28.938Z"
  }
},
{
  "model": "voting_app.vote",
  "pk": 39,
  "fields": {
    "protocol": 1,
    "question": 3,
    "owner": 4,
    "value": 4,
    "create_at": "2024-03-05T10:20:28.938Z"
  }
},
{
  "model": "voting_app.vote",
  "pk": 40,
  "fields": {
    "protocol": 2,
    "question": 4,
    "owner": 4,
    "value": 2,
    "create_at": "2024-03-05T10:20:28.938Z"
  }
},
{
  "model": "voting_app.vote",
  "pk": 41,
  "fields": {
    "protocol": 2,
    "question": 5,
    "owner": 4,
    "value": 1,
    "create_at": "2024-03-05T10:20:28.938Z"
  }
},
{
  "model": "voting_app.vote",
  "pk": 42,
  "fields": {
    "protocol": 3,
    "question": 6,
    "owner": 4,
    "value": 1,
    "create_at": "2024-03-05T10:20:28.938Z"
  }
},
{
  "model": "voting_app.vote",
  "pk": 43,
  "fields": {
    "protocol": 4,
    "question": 7,
    "owner": 4,
    "value": 1,
    "create_at": "2024-03-05T10:20:28.938Z"
  }
},
{
  "model": "voting_app.vote",
  "pk": 44,
  "fields": {
    "protocol": 4,
    "question": 8,
    "owner": 4,
    "value": 1,
    "create_at": "2024-03-05T10:20:28.938Z"
  }
},
{
  "model": "voting_app.vote",
  "pk": 45,
  "fields": {
    "protocol": 4,
    "question": 9,
    "owner": 4,
    "value": 2,
    "create_at": "2024-03-05T10:20:28.938Z"
  }
},
{
  "model": "voting_app.vote",
  "pk": 46,
  "fields": {
    "protocol": 1,
    "question": 1,
    "owner": 5,
    "value": 2,
    "create_at": "2024-03-05T10:20:28.938Z"
  }
},
{
  "model": "voting_app.vote",
  "pk": 47,
  "fields": {
    "protocol": 1,
    "question": 2,
    "owner": 5,
    "value": 2,
    "create_at": "2024-03-05T10:20:28.938Z"
  }
},
{
  "model": "voting_app.vote",
  "pk": 48,
  "fields": {
    "protocol": 1,
    "question": 3,
    "owner": 5,
    "value": 3,
    "create_at": "2024-03-05T10:20:28.938Z"
  }
},
{
  "model": "voting_app.vote",
  "pk": 49,
  "fields": {
    "protocol": 2,
    "question": 4,
    "owner": 5,
    "value": 1,
    "create_at": "2024-03-05T10:20:28.938Z"
  }
},
{
  "model": "voting_app.vote",
  "pk": 50,
  "fields": {
    "protocol": 2,
    "question": 5,
    "owner": 5,
    "value": 1,
    "create_at": "2024-03-05T10:20:28.938Z"
  }
},
{
  "model": "voting_app.vote",
  "pk": 51,
  "fields": {
    "protocol": 3,
    "question": 6,
    "owner": 5,
    "value": 2,
    "create_at": "2024-03-05T10:20:28.938Z"
  }
},
{
  "model": "voting_app.vote",
  "pk": 52,
  "fields": {
    "protocol": 4,
    "question": 7,
    "owner": 5,
    "value": 1,
    "create_at": "2024-03-05T10:20:28.938Z"
  }
},
{
  "model": "voting_app.vote",
  "pk": 53,
  "fields": {
    "protocol": 4,
    "question": 8,
    "owner": 5,
    "value": 1,
    "create_at": "2024-03-05T10:20:28.939Z"
  }
},
{
  "model": "voting_app.vote",
  "pk": 54,
  "fields": {
    "protocol": 4,
    "question": 9,
    "owner": 5,
    "value": 1,
    "create_at": "2024-03-05T10:20:28.939Z"
  }
},
{
  "model": "voting_app.vote",
  "pk": 55,
  "fields": {
    "protocol": 1,
    "question": 1,
    "owner": 6,
    "value": 2,
    "create_at": "2024-03-05T10:20:28.939Z"
  }
},
{
  "model": "voting_app.vote",
  "pk": 56,
  "fields": {
    "protocol": 1,
    "question": 2,
    "owner": 6,
    "value": 2,
    "create_at": "2024-03-05T10:20:28.939Z"
  }
},
{
  "model": "voting_app.vote",
  "pk": 57,
  "fields": {
    "protocol": 1,
    "question": 3,
    "owner": 6,
    "value": 4,
    "create_at": "2024-03-05T10:20:28.939Z"
  }
},
{
  "model": "voting_app.vote",
  "pk": 58,
  "fields": {
    "protocol": 2,
    "question": 4,
    "owner": 6,
    "value": 1,
    "create_at": "2024-03-05T10:20:28.939Z"
  }
},
{
  "model": "voting_app.vote",
  "pk": 59,
  "fields": {
    "protocol": 2,
    "question": 5,
    "owner": 6,
    "value": 1,
    "create_at": "2024-03-05T10:20:28.939Z"
  }
},
{
  "model": "voting_app.vote",
  "pk": 60,
  "fields": {
    "protocol": 3,
    "question": 6,
    "owner": 6,
    "value": 2,
    "create_at": "2024-03-05T10:20:28.939Z"
  }
},
{
  "model": "voting_app.vote",
  "pk": 61,
  "fields": {
    "protocol": 4,
    "question": 7,
    "owner": 6,
    "value": 2,
    "create_at": "2024-03-05T10:20:28.939Z"
  }
},
{
  "model": "voting_app.vote",
  "pk": 62,
  "fields": {
    "protocol": 4,
    "question": 8,
    "owner": 6,
    "value": 2,
    "create_at": "2024-03-05T10:20:28.939Z"
  }
},
{
  "model": "voting_app.vote",
  "pk": 63,
  "fields": {
    "protocol": 4,
    "question": 9,
    "owner": 6,
    "value": 2,
    "create_at": "2024-03-05T10:20:28.939Z"
  }
},
{
  "model": "voting_app.vote",
  "pk": 64,
  "fields": {
    "protocol": 1,
    "question": 1,
    "owner": 7,
    "value": 2,
    "create_at": "2024-03-05T10:20:28.939Z"
  }
},
{
  "model": "voting_app.vote",
  "pk": 65,
  "fields": {
    "protocol": 1,
    "question": 2,
    "owner": 7,
    "value": 2,
    "create_at": "2024-03-05T10:20:28.939Z"
  }
},
{
  "model": "voting_app.vote",
  "pk": 66,
  "fields": {
    "protocol": 1,
    "question": 3,
    "owner": 7,
    "value": 4,
    "create_at": "2024-03-05T10:20:28.939Z"
  }
},
{
  "model": "voting_app.vote",
  "pk": 67,
  "fields": {
    "protocol": 2,
    "question": 4,
    "owner": 7,
    "value": 1,
    "create_at": "2024-03-05T10:20:28.939Z"
  }
},
{
  "model": "voting_app.vote",
  "pk": 68,
  "fields": {
    "protocol": 2,
    "question": 5,
    "owner": 7,
    "value": 2,
    "create_at": "2024-03-05T10:20:28.939Z"
  }
},
{
  "model": "voting_app.vote",
  "pk": 69,
  "fields": {
    "protocol": 3,
    "question": 6,
    "owner": 7,
    "value": 2,
    "create_at": "2024-03-05T10:20:28.939Z"
  }
},
{
  "model": "voting_app.vote",
  "pk": 70,
  "fields": {
    "protocol": 4,
    "question": 7,
    "owner": 7,
    "value": 1,
    "create_at": "2024-03-05T10:20:28.939Z"
  }
},
{
  "model": "voting_app.vote",
  "pk": 71,
  "fields": {
    "protocol": 4,
    "question": 8,
    "owner": 7,
    "value": 2,
    "create_at": "2024-03-05T10:20:28.939Z"
  }
},
{
  "model": "voting_app.vote",
  "pk": 72,
  "fields": {
    "protocol": 4,
    "question": 9,
    "owner": 7,
    "value": 2,
    "create_at": "2024-03-05T10:20:28.939Z"
  }
},
{
  "model": "voting_app.vote",
  "pk": 73,
  "fields": {
    "protocol": 1,
    "question": 1,
    "owner": 8,
    "value": 2,
    "create_at": "2024-03-05T10:20:28.939Z"
  }
},
{
  "model": "voting_app.vote",
  "pk": 74,
  "fields": {
    "protocol": 1,
    "question": 2,
    "owner": 8,
    "value": 1,
    "create_at": "2024-03-05T10:20:28.939Z"
  }
},
{
  "model": "voting_app.vote",
  "pk": 75,
  "fields": {
    "protocol": 1,
    "question": 3,
    "owner": 8,
    "value": 4,
    "create_at": "2024-03-05T10:20:28.939Z"
  }
},
{
  "model": "voting_app.vote",
  "pk": 76,
  "fields": {
    "protocol": 2,
    "question": 4,
    "owner": 8,
    "value": 2,
    "create_at": "2024-03-05T10:20:28.939Z"
  }
},
{
  "model": "voting_app.vote",
  "pk": 77,
  "fields": {
    "protocol": 2,
    "question": 5,
    "owner": 8,
    "value": 1,
    "create_at": "2024-03-05T10:20:28.939Z"
  }
},
{
  "model": "voting_app.vote",
  "pk": 78,
  "fields": {
    "protocol": 3,
    "question": 6,
    "owner": 8,
    "value": 1,
    "create_at": "2024-03-05T10:20:28.939Z"
  }
},
{
  "model": "voting_app.vote",
  "pk": 79,
  "fields": {
    "protocol": 4,
    "question": 7,
    "owner": 8,
    "value": 2,
    "create_at": "2024-03-05T10:20:28.939Z"
  }
},
{
  "model": "voting_app.vote",
  "pk": 80,
  "fields": {
    "protocol": 4,
    "question": 8,
    "owner": 8,
    "value": 2,
    "create_at": "2024-03-05T10:20:28.939Z"
  }
},
{
  "model": "voting_app.vote",
  "pk": 81,
  "fields": {
    "protocol": 4,
    "question": 9,
    "owner": 8,
    "value": 2,
    "create_at": "2024-03-05T10:20:28.939Z"
  }
},
{
  "model": "voting_app.vote",
  "pk": 82,
  "fields": {
    "protocol": 1,
    "question": 1,
    "owner": 9,
    "value": 1,
    "create_at": "2024-03-05T10:20:28.939Z"
  }
},
{
  "model": "voting_app.vote",
  "pk": 83,
  "fields": {
    "protocol": 1,
    "question": 2,
    "owner": 9,
    "value": 2,
    "create_at": "2024-03-05T10:20:28.939Z"
  }
},
{
  "model": "voting_app.vote",
  "pk": 84,
  "fields": {
    "protocol": 1,
    "question": 3,
    "owner": 9,
    "value": 4,
    "create_at": "2024-03-05T10:20:28.939Z"
  }
},
{
  "model": "voting_app.vote",
  "pk": 85,
  "fields": {
    "protocol": 2,
    "question": 4,
    "owner": 9,
    "value": 1,
    "create_at": "2024-03-05T10:20:28.939Z"
  }
},
{
  "model": "voting_app.vote",
  "pk": 86,
  "fields": {
    "protocol": 2,
    "question": 5,
    "owner": 9,
    "value": 2,
    "create_at": "2024-03-05T10:20:28.939Z"
  }
},
{
  "model": "voting_app.vote",
  "pk": 87,
  "fields": {
    "protocol": 3,
    "question": 6,
    "owner": 9,
    "value": 2,
    "create_at": "2024-03-05T10:20:28.940Z"
  }
},
{
  "model": "voting_app.vote",
  "pk": 88,
  "fields": {
    "protocol": 4,
    "question": 7,
    "owner": 9,
    "value": 1,
    "create_at": "2024-03-05T10:20:28.940Z"
  }
},
{
  "model": "voting_app.vote",
  "pk": 89,
  "fields": {
    "protocol": 4,
    "question": 8,
    "owner": 9,
    "value": 2,
    "create_at": "2024-03-05T10:20:28.940Z"
  }
},
{
  "model": "voting_app.vote",
  "pk": 90,
  "fields": {
    "protocol": 4,
    "question": 9,
    "owner": 9,
    "value": 1,
    "create_at": "2024-03-05T10:20:28.940Z"
  }
},
{
  "model": "voting_app.vote",
  "pk": 91,
  "fields": {
    "protocol": 1,
    "question": 1,
    "owner": 10,
    "value": 2,
    "create_at": "2024-03-05T10:20:28.940Z"
  }
},
{
  "model": "voting_app.vote",
  "pk": 92,
  "fields": {
    "protocol": 1,
    "question": 2,
    "owner": 10,
    "value": 1,
    "create_at": "2024-03-05T10:20:28.940Z"
  }
},
{
  "model": "voting_app.vote",
  "pk": 93,
  "fields": {
    "protocol": 1,
    "question": 3,
    "owner": 10,
    "value": 3,
    "create_at": "2024-03-05T10:20:28.940Z"
  }
},
{
  "model": "voting_app.vote",
  "pk": 94,
  "fields": {
    "protocol": 2,
    "question": 4,
    "owner": 10,
    "value": 1,
    "create_at": "2024-03-05T10:20:28.940Z"
  }
},
{
  "model": "voting_app.vote",
  "pk": 95,
  "fields": {
    "protocol": 2,
    "question": 5,
    "owner": 10,
    "value": 2,
    "create_at": "2024-03-05T10:20:28.940Z"
  }
},
{
  "model": "voting_app.vote",
  "pk": 96,
  "fields": {
    "protocol": 3,
    "question": 6,
    "owner": 10,
    "value": 1,
    "create_at": "2024-03-05T10:20:28.940Z"
  }
},
{
  "model": "voting_app.vote",
  "pk": 97,
  "fields": {
    "protocol": 4,
    "question": 7,
    "owner": 10,
    "value": 1,
    "create_at": "2024-03-05T10:20:28.940Z"
  }
},
{
  "model": "voting_app.vote",
  "pk": 98,
  "fields": {
    "protocol": 4,
    "question": 8,
    "owner": 10,
    "value": 1,
    "create_at": "2024-03-05T10:20:28.940Z"
  }
},
{
  "model": "voting_app.vote",
  "pk": 99,
  "fields": {
    "protocol": 4,
    "question": 9,
    "owner": 10,
    "value": 1,
    "create_at": "2024-03-05T10:20:28.940Z"
  }
},
{
  "model": "voting_app.vote",
  "pk": 100,
  "fields": {
    "protocol": 1,
    "question": 1,
    "owner": 11,
    "value": 1,
    "create_at": "2024-03-05T10:29:48.825Z"
  }
},
{
  "model": "voting_app.vote",
  "pk": 101,
  "fields": {
    "protocol": 1,
    "question": 2,
    "owner": 11,
    "value": 1,
    "create_at": "2024-03-05T10:29:48.825Z"
  }
},
{
  "model": "voting_app.vote",
  "pk": 102,
  "fields": {
    "protocol": 1,
    "question": 3,
    "owner": 11,
    "value": 4,
    "create_at": "2024-03-05T10:29:48.825Z"
  }
},
{
  "model": "voting_app.vote",
  "pk": 103,
  "fields": {
    "protocol": 2,
    "question": 4,
    "owner": 11,
    "value": 2,
    "create_at": "2024-03-05T10:29:48.825Z"
  }
},
{
  "model": "voting_app.vote",
  "pk": 104,
  "fields": {
    "protocol": 2,
    "question": 5,
    "owner": 11,
    "value": 1,
    "create_at": "2024-03-05T10:29:48.825Z"
  }
},
{
  "model": "voting_app.vote",
  "pk": 105,
  "fields": {
    "protocol": 3,
    "question": 6,
    "owner": 11,
    "value": 2,
    "create_at": "2024-03-05T10:29:48.825Z"
  }
},
{
  "model": "voting_app.vote",
  "pk": 106,
  "fields": {
    "protocol": 4,
    "question": 7,
    "owner": 11,
    "value": 1,
    "create_at": "2024-03-05T10:29:48.825Z"
  }
},
{
  "model": "voting_app.vote",
  "pk": 107,
  "fields": {
    "protocol": 4,
    "question": 8,
    "owner": 11,
    "value": 2,
    "create_at": "2024-03-05T10:29:48.825Z"
  }
},
{
  "model": "voting_app.vote",
  "pk": 108,
  "fields": {
    "protocol": 4,
    "question": 9,
    "owner": 11,
    "value": 1,
    "create_at": "2024-03-05T10:29:48.825Z"
  }
},
{
  "model": "voting_app.vote",
  "pk": 109,
  "fields": {
    "protocol": 1,
    "question": 1,
    "owner": 12,
    "value": 2,
    "create_at": "2024-03-05T10:29:48.825Z"
  }
},
{
  "model": "voting_app.vote",
  "pk": 110,
  "fields": {
    "protocol": 1,
    "question": 2,
    "owner": 12,
    "value": 2,
    "create_at": "2024-03-05T10:29:48.825Z"
  }
},
{
  "model": "voting_app.vote",
  "pk": 111,
  "fields": {
    "protocol": 1,
    "question": 3,
    "owner": 12,
    "value": 4,
    "create_at": "2024-03-05T10:29:48.825Z"
  }
},
{
  "model": "voting_app.vote",
  "pk": 112,
  "fields": {
    "protocol": 2,
    "question": 4,
    "owner": 12,
    "value": 1,
    "create_at": "2024-03-05T10:29:48.825Z"
  }
},
{
  "model": "voting_app.vote",
  "pk": 113,
  "fields": {
    "protocol": 2,
    "question": 5,
    "owner": 12,
    "value": 1,
    "create_at": "2024-03-05T10:29:48.825Z"
  }
},
{
  "model": "voting_app.vote",
  "pk": 114,
  "fields": {
    "protocol": 3,
    "question": 6,
    "owner": 12,
    "value": 2,
    "create_at": "2024-03-05T10:29:48.825Z"
  }
},
{
  "model": "voting_app.vote",
  "pk": 115,
  "fields": {
    "protocol": 4,
    "question": 7,
    "owner": 12,
    "value": 1,
    "create_at": "2024-03-05T10:29:48.825Z"
  }
},
{
  "model": "voting_app.vote",
  "pk": 116,
  "fields": {
    "protocol": 4,
    "question": 8,
    "owner": 12,
    "value": 1,
    "create_at": "2024-03-05T10:29:48.825Z"
  }
},
{
  "model": "voting_app.vote",
  "pk": 117,
  "fields": {
    "protocol": 4,
    "question": 9,
    "owner": 12,
    "value": 1,
    "create_at": "2024-03-05T10:29:48.825Z"
  }
},
{
  "model": "voting_app.vote",
  "pk": 118,
  "fields": {
    "protocol": 1,
    "question": 1,
    "owner": 13,
    "value": 1,
    "create_at": "2024-03-05T10:29:48.825Z"
  }
},
{
  "model": "voting_app.vote",
  "pk": 119,
  "fields": {
    "protocol": 1,
    "question": 2,
    "owner": 13,
    "value": 1,
    "create_at": "2024-03-05T10:29:48.825Z"
  }
},
{
  "model": "voting_app.vote",
  "pk": 120,
  "fields": {
    "protocol": 1,
    "question": 3,
    "owner": 13,
    "value": 3,
    "create_at": "2024-03-05T10:29:48.826Z"
  }
},
{
  "model": "voting_app.vote",
  "pk": 121,
  "fields": {
    "protocol": 2,
    "question": 4,
    "owner": 13,
    "value": 2,
    "create_at": "2024-03-05T10:29:48.826Z"
  }
},
{
  "model": "voting_app.vote",
  "pk": 122,
  "fields": {
    "protocol": 2,
    "question": 5,
    "owner": 13,
    "value": 2,
    "create_at": "2024-03-05T10:29:48.826Z"
  }
},
{
  "model": "voting_app.vote",
  "pk": 123,
  "fields": {
    "protocol": 3,
    "question": 6,
    "owner": 13,
    "value": 2,
    "create_at": "2024-03-05T10:29:48.826Z"
  }
},
{
  "model": "voting_app.vote",
  "pk": 124,
  "fields": {
    "protocol": 4,
    "question": 7,
    "owner": 13,
    "value": 2,
    "create_at": "2024-03-05T10:29:48.826Z"
  }
},
{
  "model": "voting_app.vote",
  "pk": 125,
  "fields": {
    "protocol": 4,
    "question": 8,
    "owner": 13,
    "value": 2,
    "create_at": "2024-03-05T10:29:48.826Z"
  }
},
{
  "model": "voting_app.vote",
  "pk": 126,
  "fields": {
    "protocol": 4,
    "question": 9,
    "owner": 13,
    "value": 2,
    "create_at": "2024-03-05T10:29:48.826Z"
  }
},
{
  "model": "voting_app.vote",
  "pk": 127,
  "fields": {
    "protocol": 1,
    "question": 1,
    "owner": 14,
    "value": 1,
    "create_at": "2024-03-05T10:29:48.826Z"
  }
},
{
  "model": "voting_app.vote",
  "pk": 128,
  "fields": {
    "protocol": 1,
    "question": 2,
    "owner": 14,
    "value": 1,
    "create_at": "2024-03-05T10:29:48.826Z"
  }
},
{
  "model": "voting_app.vote",
  "pk": 129,
  "fields": {
    "protocol": 1,
    "question": 3,
    "owner": 14,
    "value": 4,
    "create_at": "2024-03-05T10:29:48.826Z"
  }
},
{
  "model": "voting_app.vote",
  "pk": 130,
  "fields": {
    "protocol": 2,
    "question": 4,
    "owner": 14,
    "value": 2,
    "create_at": "2024-03-05T10:29:48.826Z"
  }
},
{
  "model": "voting_app.vote",
  "pk": 131,
  "fields": {
    "protocol": 2,
    "question": 5,
    "owner": 14,
    "value": 2,
    "create_at": "2024-03-05T10:29:48.826Z"
  }
},
{
  "model": "voting_app.vote",
  "pk": 132,
  "fields": {
    "protocol": 3,
    "question": 6,
    "owner": 14,
    "value": 2,
    "create_at": "2024-03-05T10:29:48.826Z"
  }
},
{
  "model": "voting_app.vote",
  "pk": 133,
  "fields": {
    "protocol": 4,
    "question": 7,
    "owner": 14,
    "value": 1,
    "create_at": "2024-03-05T10:29:48.826Z"
  }
},
{
  "model": "voting_app.vote",
  "pk": 134,
  "fields": {
    "protocol": 4,
    "question": 8,
    "owner": 14,
    "value": 1,
    "create_at": "2024-03-05T10:29:48.826Z"
  }
},
{
  "model": "voting_app.vote",
  "pk": 135,
  "fields": {
    "protocol": 4,
    "question": 9,
    "owner": 14,
    "value": 1,
    "create_at": "2024-03-05T10:29:48.826Z"
  }
},
{
  "model": "voting_app.vote",
  "pk": 136,
  "fields": {
    "protocol": 1,
    "question": 1,
    "owner": 15,
    "value": 1,
    "create_at": "2024-03-05T10:29:48.826Z"
  }
},
{
  "model": "voting_app.vote",
  "pk": 137,
  "fields": {
    "protocol": 1,
    "question": 2,
    "owner": 15,
    "value": 2,
    "create_at": "2024-03-05T10:29:48.826Z"
  }
},
{
  "model": "voting_app.vote",
  "pk": 138,
  "fields": {
    "protocol": 1,
    "question": 3,
    "owner": 15,
    "value": 3,
    "create_at": "2024-03-05T10:29:48.826Z"
  }
},
{
  "model": "voting_app.vote",
  "pk": 139,
  "fields": {
    "protocol": 2,
    "question": 4,
    "owner": 15,
    "value": 2,
    "create_at": "2024-03-05T10:29:48.826Z"
  }
},
{
  "model": "voting_app.vote",
  "pk": 140,
  "fields": {
    "protocol": 2,
    "question": 5,
    "owner": 15,
    "value": 1,
    "create_at": "2024-03-05T10:29:48.826Z"
  }
},
{
  "model": "voting_app.vote",
  "pk": 141,
  "fields": {
    "protocol": 3,
    "question": 6,
    "owner": 15,
    "value": 1,
    "create_at": "2024-03-05T10:29:48.826Z"
  }
},
{
  "model": "voting_app.vote",
  "pk": 142,
  "fields": {
    "protocol": 4,
    "question": 7,
    "owner": 15,
    "value": 1,
    "create_at": "2024-03-05T10:29:48.826Z"
  }
},
{
  "model": "voting_app.vote",
  "pk": 143,
  "fields": {
    "protocol": 4,
    "question": 8,
    "owner": 15,
    "value": 2,
    "create_at": "2024-03-05T10:29:48.826Z"
  }
},
{
  "model": "voting_app.vote",
  "pk": 144,
  "fields": {
    "protocol": 4,
    "question": 9,
    "owner": 15,
    "value": 2,
    "create_at": "2024-03-05T10:29:48.826Z"
  }
},
{
  "model": "voting_app.vote",
  "pk": 145,
  "fields": {
    "protocol": 1,
    "question": 1,
    "owner": 16,
    "value": 1,
    "create_at": "2024-03-05T10:29:48.826Z"
  }
},
{
  "model": "voting_app.vote",
  "pk": 146,
  "fields": {
    "protocol": 1,
    "question": 2,
    "owner": 16,
    "value": 2,
    "create_at": "2024-03-05T10:29:48.826Z"
  }
},
{
  "model": "voting_app.vote",
  "pk": 147,
  "fields": {
    "protocol": 1,
    "question": 3,
    "owner": 16,
    "value": 4,
    "create_at": "2024-03-05T10:29:48.826Z"
  }
},
{
  "model": "voting_app.vote",
  "pk": 148,
  "fields": {
    "protocol": 2,
    "question": 4,
    "owner": 16,
    "value": 2,
    "create_at": "2024-03-05T10:29:48.826Z"
  }
},
{
  "model": "voting_app.vote",
  "pk": 149,
  "fields": {
    "protocol": 2,
    "question": 5,
    "owner": 16,
    "value": 2,
    "create_at": "2024-03-05T10:29:48.826Z"
  }
},
{
  "model": "voting_app.vote",
  "pk": 150,
  "fields": {
    "protocol": 3,
    "question": 6,
    "owner": 16,
    "value": 1,
    "create_at": "2024-03-05T10:29:48.826Z"
  }
},
{
  "model": "voting_app.vote",
  "pk": 151,
  "fields": {
    "protocol": 4,
    "question": 7,
    "owner": 16,
    "value": 2,
    "create_at": "2024-03-05T10:29:48.826Z"
  }
},
{
  "model": "voting_app.vote",
  "pk": 152,
  "fields": {
    "protocol": 4,
    "question": 8,
    "owner": 16,
    "value": 1,
    "create_at": "2024-03-05T10:29:48.826Z"
  }
},
{
  "model": "voting_app.vote",
  "pk": 153,
  "fields": {
    "protocol": 4,
    "question": 9,
    "owner": 16,
    "value": 1,
    "create_at": "2024-03-05T10:29:48.826Z"
  }
}
]
